{"cameraMode":{"drawMode":0,"name":"Shaded","section":"Shading Mode"},"sceneLighting":true,"audioPlay":false,"sceneViewState":{"m_AlwaysRefresh":false,"showFog":true,"showSkybox":true,"showFlares":true,"showImageEffects":true,"showParticleSystems":true,"showVisualEffectGraphs":true,"m_FxEnabled":true},"in2DMode":false,"pivot":{"x":40.06549835205078,"y":0.37590324878692629,"z":96.63386535644531},"rotation":{"x":-0.0020260177552700044,"y":0.872368574142456,"z":-0.4888940453529358,"w":-0.0036768103018403055},"size":13.036222457885743,"orthographic":false}