{"cameraMode":{"drawMode":0,"name":"Shaded","section":"Shading Mode"},"sceneLighting":false,"audioPlay":false,"sceneViewState":{"m_AlwaysRefresh":false,"showFog":true,"showSkybox":false,"showFlares":true,"showImageEffects":true,"showParticleSystems":true,"showVisualEffectGraphs":true,"m_FxEnabled":true},"in2DMode":false,"pivot":{"x":-0.45062586665153506,"y":1.0255094766616822,"z":0.27498531341552737},"rotation":{"x":-0.001705409842543304,"y":0.9830441474914551,"z":-0.009151899255812168,"w":-0.18315230309963227},"size":1.0880290269851685,"orthographic":false}